ID,Movie,Year,Rating,Watched,Cinema,Vote Average,Vote Count,Runtime,Genres,Budget,Revenue,Profit
281957,The Revenant,2015,4,2016-01-01,False,3.75,13326,157,Western|Drama|Adventure,135000000.0,532950503.0,397950503.0
273248,The Hateful 8,2015,5,2016-01-02,True,3.85,10018,188,Crime|Drama|Mystery|Western,44000000.0,155760117.0,111760117.0
9741,Unbreakable,2000,3,2016-01-03,False,3.55,6340,106,Thriller|Drama|Mystery,75000000.0,248118121.0,173118121.0
141,Donnie Darko,2001,4,2016-01-03,False,3.9,8356,114,Fantasy|Drama|Mystery,6000000.0,6979093.0,979093.0
24,Kill Bill vol. 1,2003,4,2016-01-03,False,4.0,11972,111,Action|Crime,30000000.0,180899045.0,150899045.0
312221,Creed,2015,4,2016-01-03,False,3.7,4888,133,Drama,37000000.0,173567581.0,136567581.0
500,Reservoir Dogs,1992,5,2016-01-04,False,4.1,9407,99,Crime|Thriller,1200000.0,2859750.0,1659750.0
393,Kill Bill vol. 2,2004,4,2016-01-04,False,3.95,9598,136,Action|Crime|Thriller,30000000.0,152159461.0,122159461.0
129,Spirited Away,2001,3,2016-01-05,False,4.25,9804,125,Animation|Family|Fantasy,19000000.0,274925095.0,255925095.0
935,Dr. Strangelove,1964,3,2016-01-09,False,4.1,3502,95,Drama|Comedy|War,1800000.0,9440272.0,7640272.0
289,Casablanca,1942,3,2016-01-11,False,4.05,3219,102,Drama|Romance,878000.0,10462500.0,9584500.0
7735,Die Welle,2008,3,2016-02-02,False,3.8,2145,107,Drama|Thriller,7500000.0,19000000.0,11500000.0
318846,The Big Short,2015,2,2016-02-02,False,3.65,5907,131,Comedy|Drama,28000000.0,133346506.0,105346506.0
5955,The Pledge,2001,2,2016-02-05,False,3.25,537,123,Crime|Thriller,35000000.0,29400000.0,-5600000.0
37257,Witness for the Prosecution,1957,5,2016-02-06,False,4.15,690,116,Drama|Mystery|Crime,3000000.0,9000000.0,6000000.0
261023,Black Mass,2015,3,2016-02-07,False,3.2,2398,122,Drama|Crime,53000000.0,98837872.0,45837872.0
1573,Die Hard 2,1990,3,2016-02-08,False,3.45,3651,124,Action|Thriller,70000000.0,240031094.0,170031094.0
314365,Spotlight ,2015,5,2016-02-08,False,3.9,5918,129,Drama|Thriller|History,20000000.0,88346473.0,68346473.0
9366,Donnie Brasco,1997,3,2016-02-09,False,3.75,2666,127,Crime|Drama|Thriller,35000000.0,41954997.0,6954997.0
293660,Deadpool,2016,5,2016-02-11,True,3.8,23209,108,Action|Adventure|Comedy,58000000.0,783100000.0,725100000.0
264644,Room,2015,5,2016-02-14,False,4.05,6662,117,Drama|Thriller,6000000.0,35401758.0,29401758.0
642,Butch Cassidy and the Sundance Kid,1969,5,2016-02-14,False,3.8,1311,111,Western|Drama|Crime,6000000.0,102308889.0,96308889.0
4771,Gone Baby Gone,2007,4,2016-02-17,False,3.65,2362,113,Crime|Drama|Mystery,19000000.0,34619699.0,15619699.0
50348,The Lincoln Lawyer,2011,3,2016-02-19,False,3.55,1869,119,Crime|Drama|Thriller,40000000.0,85412898.0,45412898.0
111083,El Cuerpo,2012,3,2016-02-21,False,3.85,702,108,Thriller|Mystery,30000000.0,151866047.5,121866047.5
3432,Mr Brooks,2007,3,2016-02-26,False,3.45,1045,120,Drama|Crime|Mystery|Thriller,20000000.0,41637263.0,21637263.0
85,Raiders of Lost Ark,1981,5,2016-02-27,False,3.95,8134,115,Adventure|Action,18000000.0,389925971.0,371925971.0
197,Braveheart,1995,5,2016-02-27,False,3.95,6721,178,Action|Drama|History|War,72000000.0,210000000.0,138000000.0
3580,Changeling,2008,4,2016-02-29,False,3.8,2592,141,Crime|Drama|Mystery,55000000.0,113020255.0,58020255.0
10778,The Man Who Wasn't There,2001,5,2016-03-01,False,3.8,930,116,Crime|Thriller,20000000.0,151866047.5,131866047.5
87,Indiana Jones and the Temple of Doom,1984,4,2016-03-04,False,3.65,5981,118,Adventure|Action,28000000.0,333000000.0,305000000.0
11096,Hide and Seek,2005,2,2016-03-05,False,3.15,1019,101,Horror|Mystery|Thriller,30000000.0,122650962.0,92650962.0
310131,The VVitch,2015,5,2016-03-06,True,3.35,3918,92,Mystery|Horror|Drama,3500000.0,40423945.0,36923945.0
55,Amore Perros,2000,3,2016-03-12,False,3.8,1379,154,Drama|Thriller,2000000.0,20908467.0,18908467.0
228202,Meu Passado Me Condena,2013,1,2016-03-20,False,3.3,190,102,Comedy,30000000.0,151866047.5,121866047.5
209112,Batman v Superman: Dawn of Justice,2016,3,2016-03-24,True,2.9,13617,151,Action|Adventure|Fantasy,250000000.0,873634919.0,623634919.0
264660,Ex Machina,2015,5,2016-03-25,False,3.8,9407,108,Drama|Science Fiction,15000000.0,36869414.0,21869414.0
1598,Cape Fear,1991,3,2016-03-26,False,3.65,1918,128,Thriller|Crime,35000000.0,182300000.0,147300000.0
15472,Os Homens que não Amavam as Mulheres,2009,4,2016-03-31,False,3.8,1958,152,Drama|Thriller|Crime|Mystery,13000000.0,109421911.0,96421911.0
592,The Conversation,1974,4,2016-04-07,False,3.8,871,113,Crime|Drama|Mystery,1600000.0,4420000.0,2820000.0
333371,10 Cloverfield Lane,2016,5,2016-04-10,True,3.45,5438,104,Thriller|Science Fiction|Drama|Horror,15000000.0,108286421.0,93286421.0
1580,Rope,1949,5,2016-04-16,False,4.0,1493,81,Crime|Thriller,1500000.0,2200000.0,700000.0
223,Rebecca,1940,4,2016-04-22,False,4.0,873,130,Drama|Mystery,1288000.0,6000000.0,4712000.0
278927,The Jungle Book,2016,5,2016-04-22,True,3.4,6173,106,Adventure|Drama|Family|Fantasy,175000000.0,966550600.0,791550600.0
376570,Hush,2016,4,2016-04-23,False,3.35,2956,82,Horror|Thriller,30000000.0,151866047.5,121866047.5
271110,Captain America 3: Civil War,2016,4,2016-04-28,True,3.7,16470,147,Adventure|Action|Science Fiction,250000000.0,1153296293.0,903296293.0
89,Indiana Jones and the Last Crusade,1989,4,2016-04-30,False,3.9,6569,127,Adventure|Action,48000000.0,474171806.0,426171806.0
924,Dawn of the Dead,2004,5,2016-05-01,False,3.45,2359,101,Fantasy|Horror|Action|Drama,28000000.0,102356381.0,74356381.0
49517,Tinker Tailor Soldier Spy,2011,4,2016-05-05,False,3.3,1669,127,Drama|Thriller|Mystery,30000000.0,80630608.0,50630608.0
307081,Southpaw,2015,5,2016-05-06,False,3.7,4039,123,Action|Drama,30000000.0,91709827.0,61709827.0
521,Dial M for Murder,1954,5,2016-05-09,False,4.0,1476,105,Crime|Thriller|Drama,1400000.0,3000000.0,1600000.0
207686,La casa del fin de los tiempos,2013,3,2016-05-14,False,3.25,156,101,Horror|Drama|Fantasy|Mystery|Thriller,30000000.0,151866047.5,121866047.5
612,Munich,2005,4,2016-05-17,False,3.55,1573,164,Drama|Action|History|Thriller,70000000.0,130358911.0,60358911.0
45317,The Fighter,2010,4,2016-05-19,False,3.7,2876,116,Drama,25000000.0,93617009.0,68617009.0
10633,In the Heat of the Night ,1967,4,2016-05-20,False,3.9,526,109,Crime|Drama|Mystery|Thriller,2000000.0,27379978.0,25379978.0
277216,Straight Outta Compton,2015,5,2016-05-22,False,3.85,2491,147,Drama|Music,28000000.0,201634991.0,173634991.0
158011,The Call,2013,3,2016-05-25,False,3.35,2068,94,Crime|Thriller,13000000.0,68572378.0,55572378.0
46738,Incendies,2010,4,2016-05-27,False,4.05,1346,130,Drama|War|Mystery,10000000.0,151866047.5,141866047.5
1246,Rocky Balboa,2006,4,2016-06-03,False,3.35,2163,102,Drama,24000000.0,155721132.0,131721132.0
195589,Neighbors,2014,4,2016-06-07,False,3.1,5245,96,Comedy,18000000.0,270665134.0,252665134.0
1091,The Thing,1982,5,2016-06-10,False,4.0,3923,109,Horror|Mystery|Science Fiction,15000000.0,19629760.0,4629760.0
9426,The Fly,1986,4,2016-06-11,False,3.65,2518,96,Horror|Science Fiction,15000000.0,60629159.0,45629159.0
11423,Memories of Murder,2003,4,2016-06-12,False,4.05,1664,131,Crime|Drama|Thriller,2800000.0,26000000.0,23200000.0
259693,The Conjuring 2,2016,5,2016-06-15,True,3.6,5162,134,Horror|Mystery|Thriller,40000000.0,320392818.0,280392818.0
4553,The Machinist,2004,5,2016-06-18,False,3.75,3207,101,Thriller|Drama,5000000.0,8203235.0,3203235.0
181886,Enemy,2013,4,2016-06-18,False,3.45,3672,91,Thriller|Mystery,30000000.0,3396726.0,-26603274.0
82633,Lawless,2012,4,2016-06-19,False,3.5,1995,115,Crime|Drama|Western,26000000.0,53676580.0,27676580.0
24253,A Menina Que Brincava Com Fogo,2009,4,2016-06-21,False,3.5,1086,186,Drama|Action|Thriller|Crime|Mystery,4422952.0,67126795.0,62703843.0
426,Vertigo,1958,4,2016-06-21,False,4.1,3373,128,Mystery|Romance|Thriller,2479000.0,28000000.0,25521000.0
23629,Sucker Punch,2011,3,2016-06-23,False,3.05,3253,110,Action|Fantasy|Thriller,82000000.0,89792502.0,7792502.0
262,The King of Comedy,1982,5,2016-06-23,False,3.9,1178,109,Comedy|Drama,20000000.0,151866047.5,131866047.5
451,Leaving Las Vegas,1995,4,2016-06-26,False,3.6,757,112,Drama|Romance,3600000.0,49800000.0,46200000.0
11906,Suspiria,1977,3,2016-06-30,False,3.8,1608,99,Horror,30000000.0,2884265.0,-27115735.0
1359,American Psycho,2000,4,2016-06-30,False,3.65,5601,102,Thriller|Drama|Crime|Horror,7000000.0,34266564.0,27266564.0
207,Dead Poets Society,1989,4,2016-07-03,False,4.15,7243,128,Drama,16400000.0,235860116.0,219460116.0
164457,Out of the Furnace,2013,3,2016-07-03,False,3.25,1305,116,Thriller|Drama|Crime,22000000.0,15400000.0,-6600000.0
127380,Finding Dory,2016,4,2016-07-03,True,3.5,9108,97,Adventure|Animation|Comedy|Family,200000000.0,1028570889.0,828570889.0
6145,Fracture,2007,3,2016-07-10,False,3.65,2340,113,Thriller,10000000.0,91354215.0,81354215.0
64690,Drive,2011,5,2016-07-14,False,3.8,8329,100,Drama|Thriller|Crime,15000000.0,78054825.0,63054825.0
1538,Collateral,2004,4,2016-07-17,False,3.6,3246,120,Drama|Crime|Thriller,65000000.0,217764291.0,152764291.0
37903,A Fita Branca,2009,3,2016-07-22,False,3.75,593,144,Drama|Mystery,15238800.0,151866047.5,136627247.5
13016,Zeitgeist,2007,3,2016-07-25,False,3.5,303,118,Documentary|History,7000000.0,151866047.5,144866047.5
2118,L.A. Confidential,1997,4,2016-07-25,False,3.9,2888,138,Crime|Thriller,35000000.0,126216940.0,91216940.0
10734,Escape From Alcatraz,1979,3,2016-07-31,False,3.75,1590,111,Crime|Drama,8000000.0,43000000.0,35000000.0
256917,The Water Diviner,2014,3,2016-08-01,False,3.4,806,112,War|Drama,22500000.0,15520023.0,-6979977.0
297761,Suicide Squad,2016,3,2016-08-05,True,2.95,15786,123,Action|Adventure|Crime|Fantasy|Science Fiction,175000000.0,746846894.0,571846894.0
1480,Touch Of Evil,1958,4,2016-08-09,False,3.9,827,95,Thriller|Crime,829000.0,2247465.0,1418465.0
290250,The Nice Guys,2016,4,2016-08-13,False,3.55,5253,116,Comedy|Crime|Action,50000000.0,62788218.0,12788218.0
968,Dog Day Afternoon,1975,5,2016-08-19,False,3.9,1655,125,Crime|Drama|Thriller,1800000.0,46665856.0,44865856.0
11368,Blood Simple ,1984,3,2016-08-20,False,3.7,710,97,Crime|Drama|Thriller,1500000.0,3851855.0,2351855.0
321741,Concussion,2015,4,2016-08-21,False,3.55,1788,123,Drama,35000000.0,50363790.0,15363790.0
855,Black Hawk Down,2001,4,2016-08-22,False,3.65,3614,145,Action|History|War,92000000.0,172989651.0,80989651.0
11336,The Dead Zone,1983,4,2016-08-26,False,3.5,799,103,Thriller|Horror|Science Fiction,10000000.0,20766616.0,10766616.0
2252,Eastern Promises,2007,4,2016-08-28,False,3.65,1966,100,Thriller|Crime|Mystery,51500000.0,56106607.0,4606607.0
153,Lost in Translation,2003,4,2016-08-31,False,3.7,4447,102,Drama|Romance|Comedy,4000000.0,119723856.0,115723856.0
192,The Name of The Rose,1986,4,2016-09-01,False,3.7,1863,130,Drama|Thriller|Mystery,20000000.0,7153487.0,-12846513.0
13475,Star Trek,2009,4,2016-09-04,False,3.7,7272,127,Science Fiction|Action|Adventure,150000000.0,385680446.0,235680446.0
11206,Wait Until Dark,1967,5,2016-09-12,False,3.7,275,108,Horror|Crime|Thriller,4000000.0,11000000.0,7000000.0
300669,Don't Breathe,2016,5,2016-09-16,True,3.45,4556,89,Crime|Horror|Thriller,9900000.0,159047649.0,149147649.0
553,Dogville,2003,4,2016-09-18,False,3.9,1524,178,Crime|Drama|Thriller,10000000.0,16680836.0,6680836.0
283366,Miss Peregrine's Home for Peculiar Children,2016,3,2016-10-09,True,3.35,7216,127,Drama|Fantasy|Adventure|Family,110000000.0,296482446.0,186482446.0
45094,Conviction,2010,4,2016-10-16,False,3.55,366,107,Drama,12500000.0,6732980.0,-5767020.0
335796,Ouija: Origin of Evil,2016,3,2016-10-24,True,3.0,1698,99,Horror|Thriller,9000000.0,81705746.0,72705746.0
12153,White Chicks,2004,3,2016-10-29,False,3.4,2163,109,Comedy|Crime,37000000.0,113086475.0,76086475.0
31011,Mr. Nobody,2009,4,2016-10-31,False,3.95,4160,156,Science Fiction|Drama|Romance|Fantasy,47000000.0,2331721.0,-44668279.0
333352,Eye in the Sky,2015,3,2016-12-07,False,3.55,1020,102,Drama|Thriller|War,13000000.0,18704595.0,5704595.0
284052,Doctor Strange,2016,4,2016-11-03,True,3.7,15387,115,Action|Adventure|Fantasy|Science Fiction,165000000.0,677700000.0,512700000.0
176,Saw,2004,5,2016-11-04,False,3.7,5853,103,Horror|Mystery|Crime,1200000.0,103911669.0,102711669.0
650,Boyz n the Hood,1991,4,2016-11-05,False,3.75,924,112,Drama,6500000.0,57504069.0,51004069.0
54138,Star Trek Into Darkness,2013,3,2016-11-07,False,3.65,6984,132,Action|Adventure|Science Fiction,190000000.0,467365246.0,277365246.0
671,Harry Potter and the Sorcerer's Stone,2001,4,2016-11-13,False,3.95,17486,152,Adventure|Fantasy|Family,125000000.0,976475550.0,851475550.0
672,Harry Potter and the Chamber of Secrets,2002,4,2016-11-13,False,3.85,14571,161,Adventure|Fantasy,100000000.0,876688482.0,776688482.0
673,Harry Potter and the Prisoner of Azkaban,2004,5,2016-11-14,False,4.0,14212,141,Adventure|Fantasy,130000000.0,789804554.0,659804554.0
674,Harry Potter and the Goblet of Fire,2005,4,2016-11-06,False,3.9,13611,157,Adventure|Fantasy|Family,150000000.0,895921036.0,745921036.0
259316,Fantastic Beast and Where to Find Them,2016,4,2016-11-17,True,3.7,14210,133,Adventure|Family|Fantasy,180000000.0,809342332.0,629342332.0
675,Harry Potter and the Order of Phoenix,2007,4,2016-11-26,False,3.85,13212,138,Adventure|Fantasy|Mystery,150000000.0,938212738.0,788212738.0
767,Harry Potter and the Half-Blood Prince,2009,4,2016-11-27,False,3.85,12917,153,Adventure|Fantasy,250000000.0,933959197.0,683959197.0
12444,Harry Potter and the Deathly Hallows Part I,2010,4,2016-12-11,True,3.9,13058,146,Adventure|Fantasy,250000000.0,954305868.0,704305868.0
329865,Arrival,2016,4,2016-12-14,False,3.75,12461,116,Drama|Science Fiction|Mystery,47000000.0,203388186.0,156388186.0
12445,Harry Potter and the Deathly Hallows Part II,2011,5,2016-12-18,False,4.05,14032,130,Fantasy|Adventure,125000000.0,1341511219.0,1216511219.0
8681,Taken,2008,4,2016-12-19,False,3.65,7913,94,Action|Thriller,25000000.0,226830568.0,201830568.0
330459,Rogue One,2016,4,2016-12-19,True,3.75,11115,133,Action|Adventure|Science Fiction,200000000.0,1056057273.0,856057273.0
9631,The Negotiator,1998,5,2016-12-24,False,3.5,1212,140,Action|Crime|Drama|Thriller,50000000.0,44547681.0,-5452319.0
329440,The Forest,2016,3,2016-12-27,False,2.55,1219,95,Horror|Thriller|Mystery,10000000.0,37608299.0,27608299.0
302946,The Accountant,2016,3,2016-12-28,False,3.5,4022,128,Crime|Thriller|Drama,44000000.0,155160045.0,111160045.0
345911,Lights Out,2016,4,2016-12-30,False,3.15,2715,81,Thriller|Mystery|Horror|Drama,4900000.0,148868835.0,143968835.0
313369,La La Land,2016,5,2017-01-17,False,3.95,12110,129,Comedy|Drama|Romance|Music,30000000.0,446486224.0,416486224.0
376867,Moonlight,2016,5,2017-01-21,False,3.7,5007,111,Drama,4000000.0,65046687.0,61046687.0
346685,The Girl on The Train,2016,2,2017-01-22,False,3.2,4245,112,Crime|Drama|Mystery|Romance|Thriller,45000000.0,173185859.0,128185859.0
334541,Manchester by the Sea,2016,4,2017-01-26,False,3.75,4001,138,Drama,9000000.0,78988148.0,69988148.0
338766,Hell or High Water,2016,4,2017-02-01,False,3.65,3009,102,Crime|Western,12000000.0,37589296.0,25589296.0
393457,Fences,2016,3,2017-02-04,True,3.4,1779,139,Drama,24000000.0,64414761.0,40414761.0
381284,Hidden Figures,2016,4,2017-02-09,True,4.0,6001,127,Drama|History,25000000.0,230698791.0,205698791.0
263115,Logan,2017,4,2017-03-02,False,3.9,14544,137,Action|Drama|Science Fiction,97000000.0,619021436.0,522021436.0
377462,O.J.: Made in America,2016,5,2017-03-18,False,4.3,137,467,Documentary,30000000.0,151866047.5,121866047.5
75638,Red Lights,2012,2,2017-03-18,False,3.05,760,119,Thriller,14000000.0,13551174.0,-448826.0
381288,Split,2017,4,2017-03-24,True,3.65,12615,117,Horror|Thriller,9000000.0,278454358.0,269454358.0
68730,Silence,2016,3,2017-03-25,False,3.55,2057,161,Drama|History,46000000.0,23737523.0,-22262477.0
245891,John Wick,2014,4,2017-03-27,False,3.65,12951,101,Action|Thriller,20000000.0,88761661.0,68761661.0
315837,Ghost in the Shell,2017,3,2017-03-30,True,3.0,5995,107,Action|Science Fiction|Thriller|Drama,110000000.0,169801921.0,59801921.0
363676,Sully,2016,3,2017-04-22,False,3.55,4875,96,Drama|History,60000000.0,240797623.0,180797623.0
283995,Guardians of the Galaxy Vol. 2,2017,4,2017-05-01,True,3.8,15122,137,Action|Adventure|Comedy|Science Fiction,200000000.0,863756051.0,663756051.0
419430,Get Out,2017,4,2017-05-14,False,3.8,11315,104,Mystery|Thriller|Horror,4500000.0,255407969.0,250907969.0
397243,The Autopsy of Jane Doe,2016,3,2017-05-28,False,3.3,2535,86,Horror|Mystery,30000000.0,5972942.0,-24027058.0
297762,Wonder Woman,2017,4,2017-06-01,True,3.65,14914,141,Action|Adventure|Fantasy,149000000.0,821847012.0,672847012.0
324552,John Wick: Chapter 2,2017,3,2017-06-04,False,3.6,8056,122,Thriller|Action|Crime,40000000.0,171539887.0,131539887.0
395992,Life,2017,3,2017-06-11,False,3.2,5126,103,Horror|Science Fiction|Thriller,58000000.0,100541806.0,42541806.0
9693,Children of Men,2006,3,2017-06-16,False,3.8,4588,109,Drama|Action|Thriller|Science Fiction,76000000.0,69959751.0,-6040249.0
120,The Lord of the Rings: The Fellowship of the Ring,2001,4,2017-06-18,False,4.15,17404,178,Adventure|Fantasy|Action,93000000.0,871368364.0,778368364.0
61791,Rise of the Planet of the Apes,2011,4,2017-06-28,False,3.6,8482,105,Thriller|Action|Drama|Science Fiction,93000000.0,482860185.0,389860185.0
119450,Dawn of the Planet of the Apes,2014,4,2017-07-01,False,3.65,8159,130,Science Fiction|Action|Drama|Thriller,170000000.0,710644566.0,540644566.0
328387,Nerve,2017,3,2017-07-02,False,3.55,5367,96,Mystery|Adventure|Crime,19000000.0,85241496.0,66241496.0
315635,Spider-Man: Homecoming,2017,4,2017-07-07,True,3.7,14539,133,Action|Adventure|Science Fiction|Drama,175000000.0,880166924.0,705166924.0
411088,Contratiempo,2016,3,2017-07-09,False,4.1,2563,106,Mystery|Crime|Thriller,4000000.0,30000000.0,26000000.0
65086,The Woman in Black,2012,3,2017-07-25,False,3.05,2527,95,Drama|Horror|Thriller,17000000.0,127730736.0,110730736.0
374720,Dunkirk,2017,4,2017-07-28,True,3.7,11306,107,War|Action|Drama,100000000.0,525573161.0,425573161.0
18405,The Last House on the Left,2009,3,2017-07-30,False,3.2,1014,110,Crime|Thriller|Horror|Drama,15000000.0,32721635.0,17721635.0
281338,War for the Planet of the Apes,2017,5,2017-08-06,True,3.55,6179,140,Drama|Science Fiction|War,150000000.0,488533726.0,338533726.0
306947,The Invitation,2015,3,2017-08-11,False,3.25,1551,100,Thriller,30000000.0,231737.0,-29768263.0
12477,Grave of the Fireflies,1988,5,2017-08-11,False,4.2,2866,89,Animation|Drama|War,3700000.0,151866047.5,148166047.5
372058,Your Name,2016,4,2017-08-12,False,4.3,6027,106,Romance|Animation|Drama,30000000.0,357986087.0,327986087.0
9323,Ghost In The Shell,1995,3,2017-08-13,False,3.95,1824,83,Action|Animation|Science Fiction,30000000.0,2287714.0,-27712286.0
351460,Death Note,2017,1,2017-08-26,False,2.1,2920,101,Fantasy|Horror|Mystery|Thriller,40000000.0,151866047.5,111866047.5
396422,Annabelle: Creation,2017,3,2017-08-27,True,3.25,3874,109,Horror|Mystery|Thriller,15000000.0,306515884.0,291515884.0
418078,It Comes At Night,2017,2,2017-09-01,False,2.9,1493,91,Horror|Mystery|Drama,5000000.0,19280931.0,14280931.0
7446,Tropic Thunder,2008,4,2017-09-03,False,3.3,3878,107,Action|Comedy|Adventure|War,92000000.0,195702811.0,103702811.0
345938,The Shack,2017,2,2017-09-09,False,3.6,1161,132,Drama|Fantasy,20000000.0,92924405.0,72924405.0
346364,It,2017,5,2017-09-15,True,3.6,13805,135,Horror,35000000.0,701796444.0,666796444.0
238,The Godfather,1972,5,2017-09-17,False,4.35,12608,175,Drama|Crime,6000000.0,245066411.0,239066411.0
381283,Mother,2017,4,2017-10-03,True,3.5,4523,121,Drama|Horror|Mystery,30000000.0,44516999.0,14516999.0
335984,Blade Runner 2049,2017,5,2017-10-10,True,3.7,8492,163,Science Fiction|Drama,150000000.0,259239658.0,109239658.0
339403,Baby Driver,2017,4,2017-10-22,False,3.75,10414,113,Action|Crime,34000000.0,226945087.0,192945087.0
343674,Gerald's Game,2017,3,2017-11-03,False,3.2,2286,104,Drama|Horror|Thriller,30000000.0,151866047.5,121866047.5
284053,Thor: Ragnarok,2017,3,2017-11-03,True,3.8,14234,131,Action|Adventure|Comedy|Fantasy,180000000.0,853977126.0,673977126.0
395834,Wind River,2017,3,2017-11-12,False,3.7,3055,107,Crime|Drama|Mystery|Thriller,11000000.0,44998252.0,33998252.0
141052,Justice League,2017,3,2017-11-16,True,3.1,9297,120,Action|Adventure|Fantasy|Science Fiction,300000000.0,657924295.0,357924295.0
269149,Zootopia,2016,4,2017-11-17,False,3.85,11933,109,Animation|Adventure|Family|Comedy,150000000.0,1023784195.0,873784195.0
294016,Trumbo,2015,4,2017-12-16,False,3.6,1075,124,Drama,15000000.0,8235661.0,-6764339.0
400106,Bright,2017,3,2017-12-23,False,3.1,3966,117,Action|Crime|Science Fiction|Thriller,90000000.0,151866047.5,61866047.5
181808,Star Wars: Episode VIII The Last Jedi,2017,4,2017-12-26,True,3.5,10769,152,Science Fiction|Action|Adventure,200000000.0,1332539889.0,1132539889.0
297762,Wonder,2017,4,2018-01-02,True,3.65,14914,141,Action|Adventure|Fantasy,149000000.0,821847012.0,672847012.0
21208,Orphan,2009,3,2018-01-21,False,3.45,3195,123,Horror|Thriller|Mystery,20000000.0,77912251.0,57912251.0
2898,As Good as It Gets,1997,3,2018-01-28,False,3.7,2284,138,Comedy|Romance,50000000.0,314178011.0,264178011.0
49018,Insidious,2010,3,2018-02-16,False,3.45,4404,103,Horror|Thriller,1500000.0,97009150.0,95509150.0
446354,The Post,2017,3,2018-02-22,False,3.5,3213,116,Drama|History,50000000.0,174503458.0,124503458.0
392044,Murder on the Orient Express,2017,3,2018-03-01,False,3.35,6791,114,Crime|Drama|Mystery,55000000.0,351839303.0,296839303.0
399055,The Shape of Water,2017,4,2018-03-05,False,3.6,8879,123,Drama|Fantasy|Romance,19500000.0,194989655.0,175489655.0
429200,Good Time,2017,3,2018-03-09,False,3.6,1335,102,Crime|Drama|Thriller,30000000.0,3283369.0,-26716631.0
284054,Black Panther,2018,3,2018-03-13,True,3.7,15459,134,Action|Adventure|Fantasy|Science Fiction,200000000.0,1346739107.0,1146739107.0
359940,Three Billboards Outside Ebbing Missouri,2017,4,2018-03-17,False,4.05,6851,115,Crime|Drama,15000000.0,158526998.0,143526998.0
354912,Coco,2017,4,2018-03-21,False,4.1,11729,105,Animation|Family|Comedy|Adventure|Fantasy,175000000.0,800526015.0,625526015.0
300668,Annihilation,2018,3,2018-03-25,False,3.15,5735,115,Science Fiction|Horror,40000000.0,43070915.0,3070915.0
333339,Ready Player One,2018,3,2018-03-29,True,3.8,9680,140,Adventure|Science Fiction,175000000.0,582890172.0,407890172.0
447332,A Quiet Place,2018,4,2018-04-02,True,3.65,8416,91,Horror|Drama|Science Fiction,17000000.0,340677200.0,323677200.0
91586,Insidious: Chapter 2,2013,3,2018-04-06,False,3.3,2754,106,Horror|Thriller,5000000.0,151866047.5,146866047.5
280092,Insidious: Chapter 3,2015,3,2018-04-10,False,3.15,2274,97,Drama|Horror|Thriller,10000000.0,104303851.0,94303851.0
862,Toy Story,1995,5,2018-04-14,False,3.95,12640,81,Animation|Comedy|Family,30000000.0,373554033.0,343554033.0
9487,A Bug's Life,1998,4,2018-04-18,False,3.45,6231,95,Adventure|Animation|Comedy|Family,120000000.0,363258859.0,243258859.0
299536,Avengers: Infinity War,2018,4,2018-04-22,True,4.15,18946,149,Adventure|Action|Science Fiction,300000000.0,2046239637.0,1746239637.0
863,Toy Story 2,1999,3,2018-04-26,False,3.75,9505,92,Animation|Comedy|Family,90000000.0,497366869.0,407366869.0
585,Monsters Inc,2001,4,2018-04-30,False,3.9,12947,92,Animation|Comedy|Family,115000000.0,562816256.0,447816256.0
371638,The Disaster Artist,2017,4,2018-05-15,False,3.6,2454,104,Comedy|Drama,10000000.0,29820616.0,19820616.0
353486,Jumanji: Welcome to the Jungle,2017,3,2018-06-01,False,3.4,9544,119,Action|Adventure|Comedy|Fantasy,90000000.0,962102237.0,872102237.0
383498,Deadpool 2,2018,3,2018-06-03,True,3.75,11689,119,Action|Comedy|Adventure,110000000.0,741547413.0,631547413.0
343668,Kingsman: The Golden Circle,2017,3,2018-07-05,False,3.5,6870,141,Action|Adventure|Comedy,104000000.0,410902662.0,306902662.0
425972,Cargo,2017,3,2018-06-08,False,3.15,1027,105,Drama|Thriller|Adventure|Horror,30000000.0,56385.0,-29943615.0
49047,Gravity,2013,5,2018-06-08,False,3.6,11440,91,Science Fiction|Thriller|Drama,105000000.0,716392705.0,611392705.0
401981,Red Sparrow,2018,3,2018-06-09,False,3.25,4226,140,Mystery|Thriller,69000000.0,151572634.0,82572634.0
260513,Incredibles 2,2018,5,2018-06-28,True,3.75,8746,118,Action|Adventure|Animation|Family,200000000.0,1242805359.0,1042805359.0
334533,Captain Fantastic,2016,4,2018-07-01,False,4.0,4411,119,Adventure|Comedy|Drama,5000000.0,5879736.0,879736.0
363088,Ant-Man and the Wasp,2018,3,2018-07-05,True,3.5,8583,119,Action|Adventure|Science Fiction|Comedy,140000000.0,622674139.0,482674139.0
338970,Tomb Raider,2018,3,2018-07-07,False,3.15,5471,118,Action|Adventure|Fantasy,94000000.0,274650803.0,180650803.0
476299,Ghostland,2018,3,2018-07-07,False,3.6,1318,91,Horror|Mystery|Thriller,30000000.0,151866047.5,121866047.5
345,Eyes Wide Shut,1999,4,2018-07-08,False,3.7,3515,159,Mystery|Drama|Thriller,65000000.0,162091208.0,97091208.0
56292,Mission: Impossible – Ghost Protocol,2011,3,2018-07-28,False,3.5,7075,133,Action|Thriller|Adventure,145000000.0,694713380.0,549713380.0
353081,Mission: Impossible - Fallout,2018,3,2018-08-03,True,3.7,5164,148,Action|Adventure,178000000.0,791017452.0,613017452.0
281,Strange Days,1995,3,2018-08-25,False,3.5,734,145,Crime|Drama|Science Fiction|Thriller,42000000.0,7959291.0,-34040709.0
493922,Hereditary,2018,4,2018-08-25,False,3.55,4091,127,Horror|Mystery|Thriller,10000000.0,79336821.0,69336821.0
500664,Upgrade,2018,3,2018-08-26,False,3.75,2201,100,Action|Thriller|Science Fiction|Horror,5000000.0,16593554.0,11593554.0
393519,Raw,2016,3,2018-09-01,False,3.55,1830,99,Drama|Horror|Mystery,3500000.0,4100000.0,600000.0
6114,Dracula,1992,4,2018-09-02,False,3.7,2974,128,Romance|Horror,40000000.0,215862692.0,175862692.0
162,Edward Scissorhands,1991,4,2018-09-07,False,3.85,8981,105,Fantasy|Drama|Romance,20000000.0,53000000.0,33000000.0
439079,The Nun,2018,3,2018-09-08,True,2.85,3978,96,Horror|Mystery|Thriller,22000000.0,365550119.0,343550119.0
259693,The Conjuring 2,2016,5,2018-09-08,False,3.6,5162,134,Horror|Mystery|Thriller,40000000.0,320392818.0,280392818.0
489999,Searching,2018,4,2018-09-28,True,3.8,2259,103,Thriller|Mystery|Drama,1000000.0,66265218.0,65265218.0
335983,Venom,2018,3,2018-10-10,True,3.35,9067,112,Science Fiction|Action,116000000.0,855013954.0,739013954.0
318256,Hot Girls Wanted,2015,3,2018-10-10,False,3.0,371,84,Documentary,30000000.0,151866047.5,121866047.5
22538,Scott Pilgrim vs. the World,2010,4,2018-10-25,False,3.7,4880,112,Action|Comedy|Romance|Music|Fantasy,60000000.0,47664559.0,-12335441.0
351286,Jurassic World: Fallen Kingdom,2018,3,2018-10-28,False,3.25,7822,129,Action|Adventure|Science Fiction,170000000.0,1303459585.0,1133459585.0
345887,The Equalizer 2,2018,3,2018-10-31,False,3.25,2849,122,Thriller|Action|Crime,62000000.0,102084362.0,40084362.0
418680,Goodbye Christopher Robin,2017,3,2018-11-01,False,3.55,536,107,Family|History,30000000.0,7299662.0,-22700338.0
948,Halloween,1978,3,2018-11-04,True,3.75,3028,91,Horror|Thriller,325000.0,151866047.5,151541047.5
338952,Fantastic Beasts: The Crimes of Grindelwald,2018,3,2018-12-07,True,3.45,6969,134,Adventure|Fantasy|Family,200000000.0,653355901.0,453355901.0
297802,Aquaman,2018,4,2018-12-09,True,3.45,8949,144,Action|Adventure|Fantasy,160000000.0,1148461807.0,988461807.0
405774,Bird Box,2018,4,2018-12-23,False,3.45,6690,124,Thriller|Drama|Science Fiction,19800000.0,151866047.5,132066047.5
339877,Loving Vincent,2017,4,2019-01-11,False,4.1,1594,95,Animation|Drama|Mystery,5500000.0,42187665.0,36687665.0
424694,Bohemian Rhapsody,2018,3,2019-02-20,False,4.0,11502,135,Drama|Music,52000000.0,894027543.0,842027543.0
299537,Captain Marvel,2019,3,2019-03-16,True,3.5,9718,124,Action|Adventure|Science Fiction,152000000.0,1128274794.0,976274794.0
490132,Green Book,2018,4,2019-03-10,False,4.15,6593,130,Drama|Comedy,23000000.0,319700000.0,296700000.0
480530,Creed II,2018,4,2019-03-24,False,3.45,3234,130,Drama,50000000.0,214215889.0,164215889.0
287947,Shazam,2019,4,2019-04-07,True,3.5,5259,132,Action|Comedy|Fantasy,80000000.0,363533271.0,283533271.0
299534,Avengers: Endgame,2019,4,2019-04-21,False,4.15,14180,181,Adventure|Science Fiction|Action,356000000.0,2797800564.0,2441800564.0
450465,Glass,2019,3,2019-04-28,False,3.3,5345,129,Thriller|Drama|Science Fiction,20000000.0,246941965.0,226941965.0
487558,BlacKKKlansman,2018,4,2019-06-12,False,3.8,4843,135,Crime|Drama|History|Comedy,15000000.0,48686605.0,33686605.0
458723,Us,2019,4,2019-06-25,False,3.5,4153,116,Thriller|Horror|Mystery,20000000.0,255105930.0,235105930.0
474350,It Chapter Two,2019,3,2019-09-07,True,3.4,4414,169,Horror|Fantasy,79000000.0,473093228.0,394093228.0
310307,The Founder,2017,3,2019-09-18,False,3.55,2953,115,Drama|History,25000000.0,24121245.0,-878755.0
475557,Joker,2019,5,2019-10-01,True,4.1,13785,122,Crime|Thriller|Drama,55000000.0,1074251311.0,1019251311.0
559969,El Camino,2019,4,2019-10-04,False,3.4,2644,123,Crime|Drama|Thriller|Action,6000000.0,151866047.5,145866047.5
568091,Fractured,2019,3,2019-10-16,False,3.3,1159,100,Thriller,30000000.0,151866047.5,121866047.5
396422,Annabelle: Creation,2017,4,2019-11-01,False,3.25,3874,109,Horror|Mystery|Thriller,15000000.0,306515884.0,291515884.0
398978,The Irishman,2019,3,2019-12-05,False,3.85,3747,209,Crime|Drama|History,159000000.0,8000000.0,-151000000.0
181812,Star Wars: The Rise of Skywalker,2019,3,2019-12-26,True,3.3,5241,142,Action|Adventure|Science Fiction,250000000.0,1074144248.0,824144248.0
496243,Parasite,2019,4,2020-01-01,False,4.25,8403,133,Comedy|Thriller|Drama,11363000.0,245924070.0,234561070.0
546554,Knives Out,2019,5,2020-01-03,False,3.9,4891,131,Mystery|Thriller|Comedy|Drama|Crime,40000000.0,309232797.0,269232797.0
503919,The Lighthouse,2019,3,2020-01-04,False,3.8,1719,109,Drama|Fantasy|Mystery|Horror,4000000.0,17964238.0,13964238.0
466272,Once Upon a Time in Hollywood,2019,5,2020-01-21,False,3.75,6857,162,Comedy|Drama|Thriller,95000000.0,374251247.0,279251247.0
515001,Jojo Rabbit,2019,4,2020-02-01,False,4.05,4191,108,Comedy|War|Drama,14000000.0,82468705.0,68468705.0
157433,Pet Sematary,2019,3,2020-01-21,False,2.85,2057,101,Thriller|Horror,21000000.0,112399944.0,91399944.0
530915,1917,2019,4,2020-01-31,True,3.95,5735,119,War|Drama|Action|History,100000000.0,368027644.0,268027644.0
473033,Uncut Gems,2019,5,2020-02-13,False,3.55,2119,136,Crime|Thriller|Drama|Comedy,19000000.0,50020902.0,31020902.0
64682,The Great Gatsby,2013,3,2020-02-25,False,3.7,8732,143,Drama|Romance,105000000.0,351040419.0,246040419.0
68722,The Master,2012,3,2020-02-27,False,3.6,1825,137,Drama,32000000.0,28258060.0,-3741940.0
265195,Relatos salvajes,2014,3,2020-03-02,False,3.9,1972,125,Drama|Thriller|Comedy,4000000.0,27007072.0,23007072.0
207932,Inferno,2016,2,2020-03-05,False,3.0,4619,121,Mystery|Thriller|Drama,75000000.0,220021259.0,145021259.0
570670,The Invisible Man,2020,4,2020-03-09,True,3.6,2442,124,Thriller|Science Fiction|Horror,9000000.0,123414678.0,114414678.0
501170,Doctor Sleep,2019,4,2020-03-22,False,3.55,1920,152,Horror|Drama|Fantasy|Thriller,45000000.0,72281712.0,27281712.0
619264,The Platform,2019,4,2020-03-28,False,3.55,3446,95,Drama|Science Fiction|Thriller,30000000.0,151866047.5,121866047.5
359724,Ford vs Ferrari,2019,4,2020-04-09,False,3.95,3079,152,Drama|Action,97600000.0,220803003.0,123203003.0
492188,Marriage Story,2019,3,2020-04-11,False,3.95,3776,137,Drama,19000000.0,2300000.0,-16700000.0
595,To Kill a Mockingbird,1962,3,2020-04-12,False,4.0,1624,130,Crime|Drama,2000000.0,13129846.0,11129846.0
105,Back To The Future,1985,4,2020-04-19,False,4.15,13479,116,Adventure|Comedy|Science Fiction|Family,19000000.0,381109762.0,362109762.0
446159,Bacurau,2019,4,2020-04-25,False,4.05,502,132,Mystery|Western|Thriller,30000000.0,151866047.5,121866047.5
331482,Little Women,2019,4,2020-05-01,False,4.0,2550,135,Drama|Romance,40000000.0,191540586.0,151540586.0
429617,Spider-Man: Far from Home,2019,5,2020-05-02,False,3.75,7857,129,Action|Adventure|Science Fiction,160000000.0,1131927996.0,971927996.0
324857,Spider-Man: Into the Spider-Verse,2018,5,2020-05-09,False,4.2,7606,117,Action|Adventure|Animation|Science Fiction|Comedy,90000000.0,375540831.0,285540831.0
530385,Midsommar,2019,4,2020-05-17,False,3.55,2596,148,Horror|Drama|Mystery,9000000.0,47862188.0,38862188.0
